vibration,temperature,load,rpm,sound,usage_minutes,planned_operating_time,downtime_minutes,oil_quality,power_usage,machine_type,failure_risk,downtime_percentage
8.05,39,2.3,2138,95,390,1320,151,2,661,2,High Risk,11.44
9.8,54,0.74,1715,97,519,1440,235,48,218,0,High Risk,16.32
4.04,84,1.2,689,99,622,1260,768,2,484,2,High Risk,60.95
6.87,97,0.3,2935,94,1202,1440,52,1,339,2,High Risk,3.61
6.9,68,1.59,534,83,621,1320,53,3,476,2,High Risk,4.02
8.51,68,2.92,2481,73,875,1320,251,61,295,2,High Risk,19.02
3.93,77,1.86,2764,97,552,1380,64,8,87,0,High Risk,4.64
2.01,87,2.55,891,72,438,1140,279,27,134,0,High Risk,24.47
6.3,58,0.39,1002,92,864,1020,34,226,100,0,High Risk,3.33
7.2,25,2.27,1002,100,854,1380,41,76,690,2,High Risk,2.97
9.05,76,1.79,2423,99,290,1080,468,85,577,2,High Risk,43.33
8.16,81,0.42,1295,97,399,1440,230,189,224,1,High Risk,15.97
2.3,86,0.1,1472,78,769,1320,164,224,50,0,Medium Risk,12.42
3.41,83,1.07,2131,93,172,900,11,294,385,1,High Risk,1.22
3.04,80,0.21,2660,71,625,1260,224,0,402,2,High Risk,17.78
1.46,68,1.44,2233,92,262,1320,254,293,279,1,High Risk,19.24
6.39,94,1.3,2691,70,246,1200,2,147,186,0,High Risk,0.17
7.18,43,1.15,2234,89,1384,1260,904,10,472,2,High Risk,71.75
9.34,66,0.87,2287,85,1020,900,47,253,651,1,High Risk,5.22
9.09,33,0.94,2182,85,1364,1320,160,115,74,0,High Risk,12.12
1.63,62,2.11,753,72,532,1020,551,193,53,0,High Risk,54.02
6.58,65,0.63,2103,70,875,1080,135,6,194,2,High Risk,12.5
3.11,72,0.38,969,92,729,1200,814,263,26,0,High Risk,67.83
8.03,54,2.04,1459,70,888,1020,191,48,511,2,High Risk,18.73
10.04,54,2.96,2646,97,339,900,94,98,187,0,High Risk,10.44
0.76,56,2.65,627,87,794,1200,103,173,23,0,High Risk,8.58
6.21,47,0.52,654,79,1233,1320,245,175,38,1,High Risk,18.56
2.99,50,2.53,1420,93,1351,1380,19,263,237,0,High Risk,1.38
8.99,39,1.23,1333,92,110,1380,189,124,149,1,High Risk,13.7
8.69,73,0.21,1337,84,503,1140,52,59,619,1,High Risk,4.56
4.62,30,0.26,546,72,879,960,157,146,144,0,Medium Risk,16.35
4.38,82,0.34,1240,95,1239,1380,128,57,633,2,Medium Risk,9.28
4.47,72,0.65,1396,85,763,1140,194,75,153,0,Medium Risk,17.02
7.65,81,1.13,1743,74,153,1080,143,89,473,2,High Risk,13.24
4.78,57,1.49,856,92,817,1140,418,222,137,0,High Risk,36.67
9.43,25,1.72,1015,85,818,960,127,159,474,1,High Risk,13.23
5.79,57,1.47,2136,81,476,1320,832,284,396,1,High Risk,63.03
3.81,59,1.11,589,77,661,960,134,67,500,2,Medium Risk,13.96
6.35,53,0.22,1228,90,1124,1440,191,226,688,1,High Risk,13.26
4.17,48,2.7,536,81,584,1260,104,29,272,2,Medium Risk,8.25
5.1,37,2.79,2724,73,292,1020,198,283,205,0,High Risk,19.41
9.6,40,1.45,895,94,528,1080,369,56,38,2,High Risk,34.17
9.4,82,0.27,1133,74,792,960,209,73,185,0,High Risk,21.77
1.02,31,1.38,1691,79,854,1440,28,164,165,0,Medium Risk,1.94
5.87,89,2.74,2180,100,1261,1080,158,18,444,2,High Risk,14.63
7.12,98,2.82,538,99,712,960,57,147,475,1,High Risk,5.94
8.31,63,2.34,2496,97,1151,900,160,116,133,0,High Risk,17.78
0.12,56,1.77,1314,90,272,1140,146,19,440,1,High Risk,12.81
1.68,73,2.19,1896,91,715,1260,11,329,735,1,High Risk,0.87
4.6,52,1.11,1645,97,707,1440,27,219,868,1,High Risk,1.88
2.63,51,2.19,1724,70,520,1020,807,255,196,0,High Risk,79.12
9.28,34,2.9,1376,74,860,1200,475,48,281,2,High Risk,39.58
3.97,83,2.63,1984,70,158,900,54,5,475,2,High Risk,6.0
5.4,29,3.09,1960,92,736,1440,446,84,77,0,High Risk,30.97
1.3,75,0.92,1969,70,859,960,71,38,153,0,High Risk,7.4
5.26,27,1.66,767,70,448,1380,254,302,918,1,High Risk,18.41
7.93,38,2.21,934,76,823,960,97,81,334,2,High Risk,10.1
0.92,76,1.74,1858,97,165,1020,28,3,137,2,High Risk,2.75
4.97,93,3.04,2600,71,806,1020,150,182,79,0,High Risk,14.71
4.04,40,2.02,859,73,254,1020,159,49,60,2,Medium Risk,15.59
2.26,45,0.61,1103,79,464,1200,232,11,345,1,Medium Risk,19.33
3.68,69,1.06,2796,84,298,1320,324,60,336,1,High Risk,24.55
8.77,32,2.34,1776,89,698,1320,27,77,215,1,High Risk,2.05
7.55,38,0.54,1382,76,809,960,114,14,191,1,Medium Risk,11.88
7.45,52,0.16,2476,86,533,1380,500,24,67,0,High Risk,36.23
7.97,42,0.36,610,91,835,1320,82,41,424,1,High Risk,6.21
3.67,50,1.92,2475,96,1189,1380,149,276,197,0,High Risk,10.8
2.48,28,2.65,2897,100,196,1260,30,39,228,1,High Risk,2.38
9.06,99,2.7,1145,91,563,1200,184,65,714,2,High Risk,15.33
2.83,68,0.72,1933,91,783,900,139,46,0,1,High Risk,15.44
7.75,62,1.84,638,100,318,900,9,260,918,1,High Risk,1.0
10.0,37,2.15,2119,70,388,900,142,37,418,1,High Risk,15.78
1.08,93,2.59,735,87,435,1380,34,0,295,1,High Risk,2.46
0.49,96,2.58,1752,83,350,1140,82,378,77,1,High Risk,7.19
9.17,66,1.28,2843,77,585,1020,96,22,574,1,High Risk,9.41
5.83,41,2.8,1002,71,675,1320,197,5,578,2,High Risk,14.92
7.38,66,0.52,2146,98,537,1260,156,37,440,2,High Risk,12.38
7.14,51,2.33,1777,73,581,1140,356,293,140,0,High Risk,31.23
3.83,76,1.29,2594,73,189,1020,35,25,282,2,High Risk,3.43
8.35,98,1.13,1211,92,361,1440,209,110,103,0,High Risk,14.51
9.41,92,2.47,2363,100,663,1440,50,28,461,2,High Risk,3.47
9.35,47,0.47,2136,90,479,1200,252,54,114,0,High Risk,21.0
4.03,97,2.33,701,89,725,1380,243,24,601,2,High Risk,17.61
9.32,31,1.14,917,96,935,1020,24,70,179,2,Medium Risk,2.35
0.34,57,1.19,562,80,215,960,80,83,360,1,Medium Risk,8.33
5.63,87,3.09,826,70,274,1020,61,31,157,0,High Risk,5.98
6.31,54,2.61,2565,70,234,960,112,113,221,0,High Risk,11.67
0.31,44,0.59,864,80,213,960,39,16,640,1,Medium Risk,4.06
0.55,42,1.67,1114,86,211,1020,44,97,130,1,Medium Risk,4.31
2.62,29,0.25,1413,75,1136,1140,352,39,300,1,Medium Risk,30.88
7.88,94,0.95,1085,78,1279,1140,195,241,67,0,Medium Risk,17.11
1.68,36,0.3,1385,70,179,960,485,75,675,2,Medium Risk,50.52
1.33,32,1.32,977,92,585,960,68,40,61,0,Medium Risk,7.08
3.4,25,1.45,2299,80,1273,1200,120,106,164,0,Medium Risk,10.0
4.01,67,0.15,716,87,999,1320,177,293,851,1,Medium Risk,13.41
3.41,56,0.92,1505,73,412,1080,135,352,890,1,Medium Risk,12.5
3.59,92,1.43,1455,74,219,1140,199,49,66,1,Medium Risk,17.46
8.5,45,0.38,2953,87,859,900,37,225,141,0,Medium Risk,4.11
1.75,26,0.77,2311,87,596,960,53,32,163,2,Medium Risk,5.52
0.72,48,0.21,647,90,425,1080,142,82,390,2,Medium Risk,13.15
2.27,49,1.23,1345,97,685,1200,211,212,171,1,Medium Risk,17.58
3.01,43,0.55,1553,76,340,1140,105,57,655,2,Medium Risk,9.21
2.75,78,1.39,704,75,872,1080,83,337,249,1,Medium Risk,7.69
3.97,50,1.36,1395,83,373,1140,130,86,729,2,Medium Risk,11.4
2.12,29,3.02,764,89,1094,1020,120,394,449,1,Medium Risk,11.76
9.87,49,1.36,769,95,1110,1380,274,72,283,2,Medium Risk,19.86
2.7,74,1.82,1160,74,928,1020,200,60,323,2,Medium Risk,19.61
1.88,37,1.35,1148,78,1270,1320,99,108,86,0,Medium Risk,7.5
0.36,33,0.51,2327,87,385,1140,53,64,99,0,Medium Risk,4.65
2.9,37,0.27,617,91,103,1140,12,164,101,0,Medium Risk,1.05
0.2,38,1.34,886,84,839,1200,28,170,408,1,Medium Risk,2.33
1.82,27,0.6,1616,77,294,900,74,332,49,1,Medium Risk,8.22
3.96,94,0.43,1079,72,755,1440,138,100,600,2,Medium Risk,9.58
5.5,32,0.66,611,76,553,1380,270,98,420,2,Medium Risk,19.57
3.07,85,1.41,883,88,903,1200,163,40,342,2,Medium Risk,13.58
0.52,97,1.14,761,89,963,900,75,46,108,2,Medium Risk,8.33
2.67,34,1.65,2326,85,851,1440,153,42,438,2,Medium Risk,10.62
1.74,44,0.99,1449,89,655,1020,157,52,133,2,Low Risk,15.39
3.89,31,0.86,582,70,132,1440,261,175,165,0,Medium Risk,18.12
2.17,93,0.33,1301,77,889,1440,15,93,47,0,Medium Risk,1.04
4.14,25,2.87,1864,85,773,1140,194,46,595,2,Medium Risk,17.02
4.64,37,2.27,994,85,460,1260,193,133,107,0,Medium Risk,15.32
3.0,57,1.14,1137,80,558,1440,114,161,712,1,Medium Risk,7.92
4.84,81,2.33,1231,89,744,960,44,334,531,1,Medium Risk,4.58
4.47,98,0.52,1799,85,710,960,190,58,562,2,Medium Risk,19.79
1.81,46,1.47,592,83,463,960,118,58,42,0,Medium Risk,12.29
1.72,28,0.54,2483,75,1343,1320,129,30,118,0,Medium Risk,9.77
5.69,86,0.51,985,79,297,1320,111,59,445,2,Medium Risk,8.41
4.92,41,2.21,512,87,153,960,93,20,623,2,Medium Risk,9.69
7.61,33,1.11,2687,70,131,900,41,61,138,2,Medium Risk,4.56
1.27,41,0.73,1232,90,466,1320,101,36,492,2,Medium Risk,7.65
9.51,39,1.49,604,90,746,960,634,339,139,1,Medium Risk,66.04
0.15,42,0.42,1238,91,251,1020,137,88,179,2,Medium Risk,13.43
0.52,37,0.35,1348,85,833,1020,71,60,654,2,Medium Risk,6.96
3.77,74,0.42,1299,73,885,1140,67,295,186,0,Medium Risk,5.88
3.5,26,1.33,1283,87,927,1020,140,317,885,1,Low Risk,13.73
1.27,64,0.38,511,72,940,1200,143,1,315,2,Medium Risk,11.92
0.14,72,0.18,559,71,695,1080,154,385,670,1,Medium Risk,14.26
1.37,71,1.19,766,76,725,1200,170,50,628,2,Medium Risk,14.17
1.13,71,2.87,994,82,820,1260,34,52,537,2,Medium Risk,2.7
5.76,71,0.18,1181,76,399,1200,108,56,532,2,Medium Risk,9.0
4.4,44,0.1,2140,74,768,1440,264,99,85,0,Medium Risk,18.33
0.01,89,2.95,1035,84,890,1380,98,61,285,2,Medium Risk,7.1
9.6,31,0.88,526,95,607,1260,184,68,129,2,Medium Risk,14.6
5.51,41,0.79,1324,71,377,1320,116,93,167,0,Medium Risk,8.79
0.22,47,1.26,2851,97,335,1020,39,321,511,1,Medium Risk,3.82
0.7,44,2.87,634,78,481,1200,43,85,555,1,Medium Risk,3.58
2.39,57,1.39,1324,89,1264,1440,109,179,169,0,Medium Risk,7.57
4.06,41,1.51,832,88,461,1080,51,18,108,0,Medium Risk,4.72
4.52,49,1.42,1497,82,495,960,182,197,114,0,Medium Risk,18.96
0.56,49,2.66,703,73,255,1020,68,145,169,0,Medium Risk,6.67
3.41,44,0.81,2980,82,106,1260,145,45,26,2,Medium Risk,11.51
1.85,26,0.13,679,71,230,1440,106,226,187,0,Low Risk,7.36
1.65,47,0.42,1593,75,1174,1080,112,92,583,2,Medium Risk,10.37
0.93,89,1.64,780,80,762,1020,125,63,580,2,Medium Risk,12.25
7.1,26,0.27,1304,89,1328,1080,208,250,896,1,Medium Risk,19.26
3.58,65,1.2,2613,90,871,1260,28,309,601,1,Medium Risk,2.22
2.2,36,1.03,1005,79,230,900,550,8,432,2,Medium Risk,61.11
0.07,81,0.73,1386,83,111,1140,97,235,900,1,Medium Risk,8.51
1.45,68,0.46,546,71,904,1140,43,255,55,0,Medium Risk,3.77
4.11,48,1.27,855,80,233,1020,142,41,232,0,Medium Risk,13.92
5.08,26,2.2,1038,72,160,1140,179,44,340,2,Medium Risk,15.7
8.89,50,1.04,583,84,273,960,58,89,503,2,Medium Risk,6.04
0.51,80,0.66,794,94,230,1020,148,59,371,2,Medium Risk,14.51
5.13,31,0.43,1153,81,475,1200,5,26,228,2,Medium Risk,0.42
0.18,72,1.43,734,72,97,1320,218,347,807,1,Medium Risk,16.52
6.89,34,0.26,676,94,689,1080,205,55,359,2,Medium Risk,18.98
5.0,49,2.19,692,88,69,900,100,339,960,1,Medium Risk,11.11
0.79,40,2.58,1131,89,579,1320,65,78,85,0,Medium Risk,4.92
6.02,86,0.15,880,70,1199,1080,106,201,151,0,Medium Risk,9.81
2.9,52,2.52,1215,85,1190,1440,126,337,521,1,Medium Risk,8.75
0.76,28,1.5,2685,84,998,900,74,252,168,0,Medium Risk,8.22
4.82,44,1.25,2965,86,1274,1320,127,81,413,2,Medium Risk,9.62
4.88,45,0.31,2515,80,1013,1080,154,171,167,0,Medium Risk,14.26
8.59,95,0.44,1245,83,308,1200,156,222,189,0,Medium Risk,13.0
8.03,49,1.44,1336,74,206,1260,93,143,32,0,Medium Risk,7.38
2.49,25,1.31,1923,84,231,1320,71,385,282,1,Medium Risk,5.38
3.13,65,3.08,1084,89,636,900,137,318,228,1,Medium Risk,15.22
2.81,86,0.62,1338,87,897,1260,85,233,746,1,Medium Risk,6.75
4.63,82,0.83,512,80,1235,1140,210,23,537,2,Medium Risk,18.42
3.87,47,0.9,795,75,927,1140,70,90,46,2,Medium Risk,6.14
3.01,92,1.31,545,79,907,1260,23,63,373,2,Medium Risk,1.83
1.84,68,0.45,1331,77,127,1440,115,50,692,2,Medium Risk,7.99
4.09,85,1.06,2881,86,1102,900,139,54,306,2,Medium Risk,15.44
0.08,83,1.13,966,92,796,960,68,66,572,2,Medium Risk,7.08
4.13,88,1.49,1234,74,470,1080,215,109,866,1,Medium Risk,19.91
3.61,43,2.03,765,85,392,1320,153,9,414,1,Medium Risk,11.59
9.74,25,0.26,1078,76,74,1320,29,295,192,0,Medium Risk,2.2
5.48,32,0.64,2366,77,957,1200,89,58,402,2,Medium Risk,7.42
4.09,28,0.21,1202,84,800,1200,144,205,104,0,Low Risk,12.0
2.39,37,0.3,1397,93,1344,1020,604,300,675,1,Medium Risk,59.22
3.35,65,0.85,1346,79,152,1380,16,264,113,0,Medium Risk,1.16
6.7,46,1.09,565,76,462,1200,17,372,596,1,Medium Risk,1.42
4.07,34,1.22,1636,74,250,1320,88,186,818,1,Medium Risk,6.67
2.01,43,1.0,2169,70,622,1140,174,182,703,1,Medium Risk,15.26
0.02,34,0.97,1131,76,181,1440,272,292,209,0,Medium Risk,18.89
3.45,49,1.18,1774,84,449,1080,148,70,120,2,Medium Risk,13.7
3.23,72,1.34,1800,87,586,1140,75,61,118,2,Medium Risk,6.58
8.12,31,1.11,1475,89,1367,900,13,297,463,1,Medium Risk,1.44
0.8,28,2.8,2802,78,1001,1200,1,66,241,2,Medium Risk,0.08
0.67,41,1.66,886,84,474,1440,567,216,63,0,Medium Risk,39.38
2.16,31,0.61,2066,79,908,1020,19,12,332,2,Medium Risk,1.86
6.65,36,0.14,1679,79,149,1020,199,331,738,1,Medium Risk,19.51
0.96,71,1.22,833,86,1305,900,204,43,375,2,Medium Risk,22.67
3.33,46,0.23,863,84,694,1080,117,47,190,2,Low Risk,10.83
2.23,27,0.48,578,86,834,1020,196,57,423,2,Low Risk,19.22
2.11,45,0.3,950,81,610,1140,158,57,352,2,Low Risk,13.86
3.7,31,0.47,1007,78,133,1260,45,228,104,0,Low Risk,3.57
0.13,39,1.11,1454,78,779,1020,146,56,287,2,Low Risk,14.31
0.6,49,1.02,987,80,194,1440,178,338,78,1,Low Risk,12.36
4.66,45,0.31,813,90,534,1320,123,60,206,2,Low Risk,9.32
2.55,26,1.35,848,78,1037,900,97,55,629,2,Low Risk,10.78
0.1,45,0.46,1156,77,195,1020,33,315,103,1,Low Risk,3.24
2.91,37,0.16,1241,74,506,1140,173,311,598,1,Low Risk,15.18
1.14,49,0.72,1266,75,877,1080,2,236,177,0,Low Risk,0.19
2.34,25,0.43,1459,74,66,1080,122,334,467,1,Low Risk,11.3
1.34,31,0.78,629,77,628,1140,80,45,601,2,Low Risk,7.02
0.86,46,0.92,1193,88,93,1140,108,322,113,1,Low Risk,9.47
0.63,35,0.35,814,70,1428,1080,111,66,413,2,Low Risk,10.28
2.47,26,0.98,861,86,434,1380,25,45,524,2,Low Risk,1.81
1.74,42,1.46,1167,90,724,1200,32,225,95,0,Low Risk,2.67
1.51,42,1.21,1295,89,144,1140,164,209,51,0,Low Risk,14.39
1.64,34,1.06,655,80,1080,900,163,69,137,2,Low Risk,18.11
4.69,36,1.09,685,72,648,1380,48,238,26,0,Low Risk,3.48
1.37,34,0.56,850,72,888,960,92,69,451,2,Low Risk,9.58
3.61,39,0.11,689,82,506,1020,9,201,182,0,Low Risk,0.88
2.56,49,0.96,968,80,63,1020,167,70,273,2,Low Risk,16.37
3.56,32,0.36,832,76,836,1440,284,338,799,1,Low Risk,19.72
3.3,30,0.25,816,88,1380,1380,28,58,463,2,Low Risk,2.03
2.59,29,0.28,1098,71,540,1380,254,51,122,2,Low Risk,18.41
3.22,25,0.51,592,88,249,1200,84,74,562,2,Low Risk,7.0
1.53,47,0.42,500,72,1031,1140,9,61,291,2,Low Risk,0.79
1.29,27,0.46,749,90,1002,1020,59,57,354,2,Low Risk,5.78
2.47,37,1.21,1252,71,1065,1320,197,58,488,2,Low Risk,14.92
3.43,31,0.54,1194,74,1306,1140,38,333,668,1,Low Risk,3.33
2.39,41,1.05,834,79,99,1320,106,323,674,1,Low Risk,8.03
0.37,34,1.09,885,80,1432,960,139,225,47,0,Low Risk,14.48
0.94,50,1.4,898,80,1022,1020,203,55,630,2,Low Risk,19.9
0.85,36,0.81,1110,88,547,900,3,330,762,1,Low Risk,0.33
1.3,37,0.64,1261,77,957,900,58,225,172,0,Low Risk,6.44
1.67,47,0.74,1070,83,1192,960,112,304,65,1,Low Risk,11.67
0.28,39,1.0,1441,81,486,1140,21,75,419,2,Low Risk,1.84
3.76,46,0.42,1495,88,149,960,100,221,67,0,Low Risk,10.42
1.05,41,1.32,1041,76,312,1200,147,75,517,2,Low Risk,12.25
4.48,50,0.17,1144,73,839,1020,196,228,157,0,Low Risk,19.22
4.25,33,0.71,942,84,88,1200,135,336,396,1,Low Risk,11.25
2.36,38,0.42,1187,73,407,1380,142,212,69,0,Low Risk,10.29
4.31,38,0.73,774,79,756,1140,65,317,418,1,Low Risk,5.7
3.94,42,1.19,588,81,1077,900,22,219,102,0,Low Risk,2.44
3.91,29,1.34,991,73,427,900,167,67,548,2,Low Risk,18.56
4.1,28,0.35,1125,73,145,1200,10,342,555,1,Low Risk,0.83
1.57,42,0.5,902,71,424,1260,112,309,371,1,Low Risk,8.89
3.04,48,1.42,927,88,857,1380,244,303,473,1,Low Risk,17.68
1.6,29,1.4,1015,86,197,1140,137,340,574,1,Low Risk,12.02
3.89,44,0.64,620,71,751,1320,41,43,302,2,Low Risk,3.11
3.9,50,0.85,904,80,366,1080,111,43,219,2,Low Risk,10.28
2.97,37,1.27,1492,73,154,1080,82,66,218,2,Low Risk,7.59
2.49,35,1.12,639,77,343,1380,18,296,346,1,Low Risk,1.3
1.52,43,0.73,1186,78,130,1440,283,51,352,2,Low Risk,19.65
2.86,26,1.35,871,87,588,1260,138,69,234,2,Low Risk,10.95
0.33,33,0.8,1291,70,560,960,71,322,602,1,Low Risk,7.4
0.48,44,0.17,1057,85,349,1140,164,198,89,0,Low Risk,14.39
0.39,49,0.62,630,81,983,1260,248,58,534,2,Low Risk,19.68
1.22,34,0.57,671,77,859,1260,47,63,201,2,Low Risk,3.73
3.02,46,0.87,526,77,495,1080,110,332,711,1,Low Risk,10.19
4.0,46,1.5,607,90,795,1080,99,297,825,1,Low Risk,9.17
3.74,25,1.49,936,76,1079,1080,17,46,477,2,Low Risk,1.57
3.57,26,1.34,1307,89,238,1200,239,54,238,2,Low Risk,19.92
1.01,41,0.77,959,77,480,1080,114,71,471,2,Low Risk,10.56
3.47,40,0.64,621,86,712,1380,149,308,859,1,Low Risk,10.8
4.97,34,0.79,703,73,912,1200,199,294,134,1,Low Risk,16.58
0.53,50,0.93,1423,79,606,1260,138,50,581,2,Low Risk,10.95
2.82,44,0.92,1307,73,137,1080,115,68,355,2,Low Risk,10.65
0.83,32,0.65,1411,86,128,1080,188,340,312,1,Low Risk,17.41
0.27,48,1.1,623,88,817,1200,27,198,31,0,Low Risk,2.25
1.18,28,0.58,1150,87,67,1020,70,60,184,2,Low Risk,6.86
3.4,42,0.92,1374,76,770,1080,183,339,338,1,Low Risk,16.94
1.66,50,0.85,663,86,90,960,188,211,50,0,Low Risk,19.58
2.43,50,0.38,1381,71,366,1080,133,55,426,2,Low Risk,12.31
4.33,38,0.14,1227,81,519,900,140,297,703,1,Low Risk,15.56
1.91,36,0.42,611,74,74,1020,115,62,191,2,Low Risk,11.27
4.07,35,1.35,724,70,750,1080,168,43,124,2,Low Risk,15.56
3.86,48,1.2,1362,84,1126,960,120,328,565,1,Low Risk,12.5
2.69,36,1.1,758,73,889,1140,74,41,524,2,Low Risk,6.49
0.24,41,0.45,670,71,634,1320,70,221,163,0,Low Risk,5.3
1.16,31,0.11,1339,85,255,1200,64,223,106,0,Low Risk,5.33
2.36,44,0.53,674,76,571,1140,224,351,634,1,Low Risk,19.65
0.8,49,0.91,1263,83,787,900,30,52,521,2,Low Risk,3.33
3.19,36,1.28,899,73,540,900,40,321,653,1,Low Risk,4.44
2.04,40,0.69,649,83,102,960,135,52,599,2,Low Risk,14.06
4.7,47,1.38,1180,82,466,1380,177,306,541,1,Low Risk,12.83
1.49,28,0.63,983,81,838,1380,93,199,199,0,Low Risk,6.74
3.12,25,0.24,658,71,531,1080,7,292,723,1,Low Risk,0.65
3.31,40,0.5,1213,77,750,1440,175,43,610,2,Low Risk,12.15
1.06,25,0.69,1487,73,1086,1140,17,41,161,2,Low Risk,1.49
4.55,46,0.92,910,88,1365,1020,48,292,249,1,Low Risk,4.71
1.14,44,1.07,616,77,865,1080,165,51,372,2,Low Risk,15.28
1.21,25,0.3,1419,82,839,1140,173,50,267,2,Low Risk,15.18
2.5,33,0.35,1414,90,1098,1020,102,330,320,1,Low Risk,10.0
2.64,25,0.11,992,78,609,960,119,289,378,1,Low Risk,12.4
1.42,35,0.11,819,79,973,1020,149,75,371,2,Low Risk,14.61
1.52,46,1.47,1272,70,506,1080,215,54,215,2,Low Risk,19.91
1.32,40,0.21,1160,79,99,960,9,61,253,2,Low Risk,0.94
0.29,49,0.32,806,75,727,1140,208,53,248,2,Low Risk,18.25
3.47,39,0.37,517,80,574,1440,125,241,114,0,Low Risk,8.68
1.94,26,1.36,1009,80,321,1080,198,66,338,2,Low Risk,18.33
4.86,36,0.68,620,75,674,1080,64,41,423,2,Low Risk,5.93
4.49,35,1.24,530,76,1173,1320,102,41,365,2,Low Risk,7.73
3.01,27,0.27,974,72,182,1380,240,344,74,1,Low Risk,17.39
0.28,40,0.43,1406,76,856,1080,57,347,86,1,Low Risk,5.28
0.19,25,1.27,799,89,335,960,190,74,404,2,Low Risk,19.79
1.23,48,0.73,512,74,678,1020,153,54,195,2,Low Risk,15.0
4.81,30,1.32,527,77,1054,1020,40,43,363,2,Low Risk,3.92
0.71,38,1.39,809,76,1260,900,32,205,162,0,Low Risk,3.56
2.95,29,0.68,745,71,675,1260,241,346,587,1,Low Risk,19.13
4.25,50,0.29,1036,86,569,960,82,207,174,0,Low Risk,8.54
2.44,40,0.34,983,73,726,1020,12,62,359,2,Low Risk,1.18
0.67,40,1.34,868,86,417,1320,100,226,61,0,Low Risk,7.58
3.91,42,0.44,763,76,1270,960,181,57,187,2,Low Risk,18.85
1.67,37,0.96,790,80,1180,1320,252,333,143,1,Low Risk,19.09
4.41,49,0.24,1166,88,401,1020,36,321,177,1,Low Risk,3.53
4.03,25,0.22,904,72,962,900,96,335,374,1,Low Risk,10.67
2.53,32,1.07,867,80,551,1140,100,240,29,0,Low Risk,8.77
1.86,27,1.41,1455,72,466,1260,166,302,834,1,Low Risk,13.17
1.97,48,0.25,1466,70,713,1440,106,60,514,2,Low Risk,7.36
3.53,31,0.31,843,81,192,960,19,203,163,0,Low Risk,1.98
3.53,38,0.98,1275,87,643,1080,180,227,156,0,Low Risk,16.67
2.13,46,0.13,871,88,508,1320,194,321,617,1,Low Risk,14.7
3.33,48,0.3,1134,75,644,1140,23,332,417,1,Low Risk,2.02
3.26,39,0.72,791,79,815,1260,195,350,800,1,Low Risk,15.48
5.0,40,1.03,949,88,210,1020,56,59,612,2,Low Risk,5.49
4.51,38,0.42,829,79,120,1320,239,327,877,1,Low Risk,18.11
1.31,37,1.24,1080,75,758,1200,143,212,133,0,Low Risk,11.92
3.18,33,0.88,872,81,488,960,37,66,554,2,Low Risk,3.85
2.23,48,0.83,1496,75,1172,1380,260,211,50,0,Low Risk,18.84
2.67,34,1.11,1207,88,472,1320,64,329,324,1,Low Risk,4.85
3.59,47,0.65,821,72,115,1080,178,45,353,2,Low Risk,16.48
0.79,42,1.17,1144,75,335,1320,221,50,593,2,Low Risk,16.74
1.57,37,1.09,702,79,582,1380,31,53,619,2,Low Risk,2.25
3.52,42,0.52,1322,80,126,1440,44,52,258,2,Low Risk,3.06
3.12,35,0.86,1243,70,326,1260,34,47,529,2,Low Risk,2.7
0.78,47,0.32,629,72,395,1260,131,235,147,0,Low Risk,10.4
0.62,41,1.01,856,87,429,1260,177,345,821,1,Low Risk,14.05
2.0,48,0.62,1168,78,290,1440,131,52,190,2,Low Risk,9.1
0.24,48,0.25,1460,90,658,1140,128,301,237,1,Low Risk,11.23
4.45,40,1.36,827,72,681,1380,44,67,591,2,Low Risk,3.19
3.47,49,0.58,1037,81,958,1260,48,215,67,0,Low Risk,3.81
4.52,41,0.14,1077,89,690,1380,193,348,173,1,Low Risk,13.99
2.14,37,1.19,654,76,436,900,173,294,63,1,Low Risk,19.22
1.14,35,0.46,802,70,397,1320,209,295,842,1,Low Risk,15.83
0.66,31,1.23,1024,78,763,1080,64,42,230,2,Low Risk,5.93
2.66,43,1.01,1224,70,953,1380,173,73,201,2,Low Risk,12.54
1.9,31,0.18,1500,71,241,1200,151,60,572,2,Low Risk,12.58
4.4,40,0.7,599,85,1202,1140,99,309,595,1,Low Risk,8.68
3.14,26,1.43,607,81,157,1380,205,319,811,1,Low Risk,14.86
4.28,42,0.47,1404,80,868,960,99,215,157,0,Low Risk,10.31
4.57,34,0.41,1442,72,385,900,145,56,169,2,Low Risk,16.11
3.34,48,0.2,1105,76,870,900,130,67,320,2,Low Risk,14.44
4.83,32,1.43,884,78,893,1200,12,68,266,2,Low Risk,1.0
1.34,35,0.86,1218,74,1162,1320,210,46,546,2,Low Risk,15.91
0.67,32,1.2,1310,72,1229,1200,128,331,607,1,Low Risk,10.67
0.02,46,1.5,990,85,680,1380,230,74,377,2,Low Risk,16.67
2.38,47,0.93,741,88,689,1440,7,44,617,2,Low Risk,0.49
2.52,32,0.57,1254,83,532,1260,222,295,864,1,Low Risk,17.62
2.62,49,1.11,926,76,357,1320,40,58,498,2,Low Risk,3.03
2.44,36,0.16,1286,80,663,1200,231,66,604,2,Low Risk,19.25
0.75,50,0.76,959,77,268,1260,44,53,597,2,Low Risk,3.49
4.97,48,1.03,972,79,254,1140,126,66,367,2,Low Risk,11.05
4.41,43,1.33,1152,80,1050,1380,272,70,498,2,Low Risk,19.71
2.76,26,1.06,1000,73,478,1440,203,299,397,1,Low Risk,14.1
0.5,28,1.46,1174,84,337,900,165,46,175,2,Low Risk,18.33
2.32,25,1.41,1320,86,711,1140,175,68,204,2,Low Risk,15.35
0.71,29,0.78,803,84,86,960,80,50,337,2,Low Risk,8.33
3.35,36,0.12,1147,71,484,1200,132,67,575,2,Low Risk,11.0
1.61,25,0.95,793,78,290,1080,37,73,588,2,Low Risk,3.43
3.64,27,1.47,1437,82,923,1020,157,342,675,1,Low Risk,15.39
1.71,37,0.31,1337,89,1422,1260,140,222,176,0,Low Risk,11.11
4.96,47,0.17,1197,85,249,1440,223,224,113,0,Low Risk,15.49
2.18,25,1.13,829,81,303,1140,170,62,370,2,Low Risk,14.91
3.67,43,0.77,1160,74,468,1080,23,311,427,1,Low Risk,2.13
2.8,33,1.17,631,88,400,1320,8,218,68,0,Low Risk,0.61
3.1,42,1.31,1000,90,1432,1080,109,207,104,0,Low Risk,10.09
0.81,41,1.16,1395,89,160,1380,23,63,165,2,Low Risk,1.67
0.23,38,1.33,1166,76,163,1200,214,43,449,2,Low Risk,17.83
3.34,32,0.9,1416,76,154,1440,44,199,75,0,Low Risk,3.06
0.69,30,0.74,806,76,692,1320,36,202,137,0,Low Risk,2.73
3.72,30,0.93,964,77,924,960,37,302,741,1,Low Risk,3.85
1.55,35,1.08,1278,74,1339,960,21,214,35,0,Low Risk,2.19
0.53,46,0.57,593,81,469,1080,51,316,371,1,Low Risk,4.72
2.11,39,1.36,1411,71,881,1020,72,290,382,1,Low Risk,7.06
4.55,37,0.91,1310,75,1181,900,82,44,449,2,Low Risk,9.11
2.65,29,0.16,807,82,216,1020,80,46,151,2,Low Risk,7.84
3.56,34,0.4,864,81,236,1020,40,67,408,2,Low Risk,3.92
4.85,29,0.99,758,77,110,1200,144,295,520,1,Low Risk,12.0
0.91,45,1.39,1302,84,729,1320,42,218,65,0,Low Risk,3.18
1.71,50,1.11,591,84,1072,1380,169,70,412,2,Low Risk,12.25
2.95,32,1.1,877,82,611,960,20,324,638,1,Low Risk,2.08
3.74,27,0.65,839,73,524,1020,158,63,326,2,Low Risk,15.49
4.56,41,0.99,1202,88,369,1080,159,72,297,2,Low Risk,14.72
4.03,35,0.38,578,77,420,1200,100,214,115,0,Low Risk,8.33
3.48,33,0.47,910,81,570,1020,129,226,173,0,Low Risk,12.65
3.31,43,0.54,1218,79,389,1440,36,341,787,1,Low Risk,2.5
2.6,32,1.28,1162,83,1011,1320,252,64,116,2,Low Risk,19.09
4.93,32,1.05,1461,89,528,900,158,294,782,1,Low Risk,17.56
3.65,35,1.44,915,77,1273,1020,45,66,378,2,Low Risk,4.41
4.32,28,0.54,1056,71,1150,1200,190,75,416,2,Low Risk,15.83
3.62,39,1.09,753,77,1203,900,19,212,65,0,Low Risk,2.11
0.72,38,0.33,1485,71,819,900,129,234,196,0,Low Risk,14.33
4.57,48,0.24,821,81,300,1080,87,220,44,0,Low Risk,8.06
2.78,49,0.82,926,77,607,900,90,210,78,0,Low Risk,10.0
1.18,47,0.98,825,80,372,1200,55,41,329,2,Low Risk,4.58
2.91,29,1.43,1061,90,655,1260,102,300,116,1,Low Risk,8.1
1.15,31,0.57,1423,87,236,1020,118,49,496,2,Low Risk,11.57
0.67,46,0.13,554,84,309,1260,74,54,249,2,Low Risk,5.87
2.45,42,0.28,561,87,200,900,111,69,541,2,Low Risk,12.33
3.34,29,0.14,1331,81,125,1380,136,315,800,1,Low Risk,9.86
1.82,38,0.11,1168,83,977,1320,162,75,276,2,Low Risk,12.27
3.54,47,0.55,831,81,770,960,76,70,483,2,Low Risk,7.92
2.55,50,1.41,1448,74,877,1260,203,68,138,2,Low Risk,16.11
1.47,36,1.49,1179,83,270,1080,205,70,329,2,Low Risk,18.98
0.6,40,0.62,680,76,746,960,138,59,608,2,Low Risk,14.37
3.07,50,1.09,1300,71,443,1080,55,43,471,2,Low Risk,5.09
3.23,49,0.22,1256,78,95,1200,70,54,333,2,Low Risk,5.83
1.79,39,0.71,1101,84,490,1380,242,242,155,0,Low Risk,17.54
2.4,47,0.56,1024,90,386,1440,145,228,74,0,Low Risk,10.07
4.37,29,0.14,1070,83,1254,1020,189,303,713,1,Low Risk,18.53
0.53,32,1.34,700,70,914,1440,166,222,68,0,Low Risk,11.53
0.55,35,0.67,691,77,999,1140,194,64,528,2,Low Risk,17.02
3.93,41,0.63,658,90,1292,900,86,331,169,1,Low Risk,9.56
3.22,43,0.18,917,85,525,960,186,198,192,0,Low Risk,19.38
2.98,42,0.9,740,74,87,1440,72,290,714,1,Low Risk,5.0
4.23,28,0.85,953,84,120,1200,188,47,243,2,Low Risk,15.67
3.16,47,1.04,725,85,144,1140,174,315,493,1,Low Risk,15.26
2.6,35,1.07,1270,82,336,1140,125,351,677,1,Low Risk,10.96
2.03,41,0.79,831,87,521,960,14,50,472,2,Low Risk,1.46
1.9,48,0.82,1493,81,538,1080,123,299,277,1,Low Risk,11.39
0.38,37,1.5,1062,90,790,1020,102,46,330,2,Low Risk,10.0
4.61,31,0.41,818,87,1066,1320,79,238,187,0,Low Risk,5.98
3.0,45,0.7,1414,71,939,900,128,331,635,1,Low Risk,14.22
3.04,42,0.91,1476,90,898,1020,95,204,112,0,Low Risk,9.31
0.39,45,1.5,1239,81,668,1260,155,54,463,2,Low Risk,12.3
0.56,31,0.22,955,81,168,900,87,233,102,0,Low Risk,9.67
3.9,36,0.33,1330,85,612,1320,110,304,420,1,Low Risk,8.33
4.65,36,0.6,568,75,717,1140,115,54,220,2,Low Risk,10.09
4.53,27,0.59,1156,74,694,1080,53,291,620,1,Low Risk,4.91
2.58,31,0.65,599,76,332,1260,192,297,245,1,Low Risk,15.24
3.17,49,0.85,1357,75,1064,900,27,337,162,1,Low Risk,3.0
0.61,41,0.17,1039,71,1210,1380,275,58,154,2,Low Risk,19.93
3.91,44,0.75,1094,83,551,1020,170,68,433,2,Low Risk,16.67
0.69,36,0.88,1031,70,901,900,30,318,624,1,Low Risk,3.33
2.48,27,0.21,1050,77,941,1260,105,55,150,2,Low Risk,8.33
0.96,33,1.34,553,78,919,900,82,291,653,1,Low Risk,9.11
2.54,43,0.13,1049,88,311,960,63,71,169,2,Low Risk,6.56
4.22,40,0.67,779,88,340,1380,73,67,285,2,Low Risk,5.29
1.09,30,0.13,710,79,76,1200,1,63,310,2,Low Risk,0.08
1.52,40,0.1,860,89,222,1380,169,201,43,0,Low Risk,12.25
2.85,42,1.16,955,85,983,1200,186,236,66,0,Low Risk,15.5
4.74,30,1.42,1443,78,1438,1020,75,74,238,2,Low Risk,7.35
0.42,35,0.68,1407,76,1278,1440,64,290,199,1,Low Risk,4.44
3.23,37,0.67,1361,84,809,1260,192,316,717,1,Low Risk,15.24
0.6,26,1.44,537,77,306,1140,126,327,417,1,Low Risk,11.05
4.83,27,1.38,973,76,512,1140,49,293,412,1,Low Risk,4.3
1.23,40,1.14,1158,72,700,900,0,46,570,2,Low Risk,0.0
3.09,43,0.87,726,76,103,1140,120,43,474,2,Low Risk,10.53
2.06,45,1.33,903,72,1081,900,89,292,375,1,Low Risk,9.89
4.63,38,0.47,998,85,195,1320,35,234,57,0,Low Risk,2.65
0.34,33,1.36,1126,74,86,1380,132,314,426,1,Low Risk,9.57
1.31,44,1.21,595,82,272,1320,177,45,128,2,Low Risk,13.41
1.38,27,0.58,632,70,1371,1260,235,65,196,2,Low Risk,18.65
4.93,40,0.71,526,70,1397,1380,249,60,562,2,Low Risk,18.04
0.99,46,0.93,502,75,789,1440,251,309,271,1,Low Risk,17.43
1.26,37,0.71,508,76,1131,1140,211,72,558,2,Low Risk,18.51
3.09,41,1.14,687,70,188,1380,201,224,119,0,Low Risk,14.57
4.62,50,1.23,1411,87,329,1140,193,53,465,2,Low Risk,16.93
1.96,34,0.33,698,79,492,1080,132,218,30,0,Low Risk,12.22
1.41,50,0.35,1324,77,639,960,144,302,719,1,Low Risk,15.0
1.76,38,0.22,792,87,1255,1380,255,41,478,2,Low Risk,18.48
4.63,33,0.14,798,76,283,1440,172,70,529,2,Low Risk,11.94
2.35,37,0.6,1084,88,1395,900,122,346,641,1,Low Risk,13.56
3.37,29,1.28,1195,70,1402,960,182,311,778,1,Low Risk,18.96
0.65,40,0.98,518,90,1373,1080,102,57,474,2,Low Risk,9.44
2.35,42,1.13,728,90,1174,960,173,220,72,0,Low Risk,18.02
2.09,38,0.96,852,82,777,1140,105,215,25,0,Low Risk,9.21
2.26,35,0.12,517,85,452,1440,152,300,754,1,Low Risk,10.56
4.48,40,1.21,1436,88,260,900,30,216,43,0,Low Risk,3.33
1.27,36,0.18,593,87,475,1080,90,48,248,2,Low Risk,8.33
4.24,30,0.17,872,70,291,1380,20,75,278,2,Low Risk,1.45
0.71,30,1.05,627,76,956,900,63,75,205,2,Low Risk,7.0
0.4,45,1.07,899,78,466,1440,58,209,91,0,Low Risk,4.03
2.14,48,0.72,1197,82,220,960,64,225,99,0,Low Risk,6.67
2.9,45,0.87,766,84,946,1380,171,42,500,2,Low Risk,12.39
4.46,34,0.11,734,79,761,1320,188,61,183,2,Low Risk,14.24
4.1,43,1.41,632,76,844,1440,143,70,630,2,Low Risk,9.93
0.18,43,0.19,682,86,801,1320,178,44,386,2,Low Risk,13.48
3.75,34,0.79,541,87,506,1320,210,300,123,1,Low Risk,15.91
0.96,47,0.37,1493,71,413,1080,169,221,82,0,Low Risk,15.65
3.49,44,1.31,866,75,869,1260,115,200,30,0,Low Risk,9.13
2.66,32,1.31,995,75,607,1440,12,343,160,1,Low Risk,0.83
2.75,36,0.74,796,87,122,1140,202,58,620,2,Low Risk,17.72
3.13,25,1.13,1157,77,865,1440,188,60,617,2,Low Risk,13.06
